originID,jobID,cores,memory,CPU time,time,Npoints,nT,Nwout,nE,nM,nL,nx,Nparams,optimizer,Nepochs,Ncev/w,Ncev,grad,shuffle,stepsize,Nshots,RMSE tra,RMSE val,RMSE tes,RMSE ftes
13192,13300,30,2.21 GB (estimated maximum),2-12:26:36,17:52:52,1000,20,5,1,2,3,3,26,Adam,1535,,,False,True,0.001,1000,0.019312668802515275,0.023279669698773885,0.016195087881829308,0.016714961653467742
13192,13304,30,2.18 GB (estimated maximum),2-12:18:29,17:28:20,1000,20,5,1,2,3,3,26,Adam,1467,,,False,True,0.001,1000,0.012917202817646415,0.02267179871703586,0.004907216161736523,0.006216466253652174
13192,13305,30,2.17 GB (estimated maximum),2-13:11:13,17:27:28,1000,20,5,1,2,3,3,26,Adam,1651,,,False,True,0.001,1000,0.011599242143865329,0.020320948781808693,0.00519289534148801,0.006812485849885815
13192,13306,30,2.16 GB (estimated maximum),2-12:06:32,17:26:10,1000,20,5,1,2,3,3,26,Adam,816,,,False,True,0.001,1000,0.013627149659874372,0.022762018918303033,0.00569773077964586,0.007368702689860477
13192,13406,30,2.15 GB (estimated maximum),2-10:44:26,09:37:32,1000,20,5,1,2,3,3,26,Adam,1797,,,True,True,0.001,1000,0.01248386508949296,0.0202609815504589,0.005496371572601421,0.007466430371892918
13192,13407,30,2.17 GB (estimated maximum),2-11:13:52,09:39:28,1000,20,5,1,2,3,3,26,Adam,1753,,,True,True,0.001,1000,0.012290903325302211,0.020167973610010548,0.006010153447800284,0.006887337227499034
13192,13408,30,2.19 GB (estimated maximum),2-11:54:15,09:40:48,1000,20,5,1,2,3,3,26,Adam,1134,,,True,True,0.001,1000,0.012492611741988483,0.020452871991934886,0.006002302247893071,0.007098269733357019
13192,13409,30,2.19 GB (estimated maximum),2-11:31:46,09:44:25,1000,20,5,1,2,3,3,26,Adam,1892,,,True,True,0.001,1000,0.01278996908642786,0.019795933058530512,0.006682222948197008,0.007809797199691966
