originID,jobID,cores,memory,CPU time,time,Npoints,nT,Nwout,nE,nM,nL,nx,Nparams,optimizer,Nepochs,Ncev/w,Ncev,grad,shuffle,stepsize,Nshots,RMSE tra,RMSE val,RMSE tes,RMSE ftes
13227,13312,54,4.36 GB (estimated maximum),4-17:47:40,17:07:57,1000,20,5,2,2,4,1,39,Adam,1790,,,True,True,0.001,1000,0.08218643867735818,0.09695799062078586,0.1156099297580537,0.08086722851609417
13227,13313,54,4.30 GB (estimated maximum),4-16:55:17,17:03:27,1000,20,5,2,2,4,1,39,Adam,1864,,,True,True,0.001,1000,0.08220439833394015,0.09552851092818916,0.11549252458447073,0.0810932467516867
13227,13314,54,4.35 GB (estimated maximum),4-17:21:27,17:03:01,1000,20,5,2,2,4,1,39,Adam,947,,,True,True,0.001,1000,0.08318913292151799,0.0956942099204963,0.1167402286529963,0.08081957489179682
13227,13315,54,4.40 GB (estimated maximum),4-16:46:28,17:01:50,1000,20,5,2,2,4,1,39,Adam,1086,,,True,True,0.001,1000,0.08305761908687494,0.09732182427162832,0.11661267213713793,0.08101498505865103
13227,13414,54,4.30 GB (estimated maximum),4-16:06:39,09:38:16,1000,20,5,2,2,4,1,39,Adam,1319,,,True,True,0.001,1000,0.08288183158034103,0.0965794754555076,0.11747079878408259,0.08047822232495944
13227,13415,54,4.46 GB (estimated maximum),4-16:05:59,09:35:18,1000,20,5,2,2,4,1,39,Adam,1194,,,True,True,0.001,1000,0.08260541495773663,0.09693680746532575,0.11632039848998062,0.08184644363578247
13227,13416,54,4.38 GB (estimated maximum),4-16:46:42,09:44:50,1000,20,5,2,2,4,1,39,Adam,1838,,,True,True,0.001,1000,0.08306674771399629,0.09465597785703368,0.11520127346064188,0.08194473409324635
13227,13417,54,4.45 GB (estimated maximum),4-16:08:05,09:43:19,1000,20,5,2,2,4,1,39,Adam,1677,,,True,True,0.001,1000,0.08286196494333409,0.09673330502917864,0.1170097836404536,0.08246327676393422
