originID,jobID,cores,memory,CPU time,time,Npoints,nT,Nwout,nE,nM,nL,nx,Nparams,optimizer,Nepochs,Ncev/w,Ncev,grad,shuffle,stepsize,Nshots,RMSE tra,RMSE val,RMSE tes,RMSE ftes
13244,13321,54,8.35 GB (estimated maximum),32-04:18:27,21:00:38,1000,20,5,2,3,5,3,65,Adam,700,,,True,True,0.001,1000,0.0472054350539712,0.05287385530419511,0.04249643636772003,0.05171185198382215
13244,13320,54,8.33 GB (estimated maximum),32-04:15:24,22:11:02,1000,20,5,2,3,5,3,65,Adam,751,,,True,True,0.001,1000,0.045329848688689646,0.050999601738226465,0.038833305960065095,0.049203163858708085
13244,13322,54,8.34 GB (estimated maximum),32-03:13:43,20:55:29,1000,20,5,2,3,5,3,65,Adam,734,,,True,True,0.001,1000,0.046398201687536236,0.056048692322272095,0.041720280045292144,0.04953266416983649
13244,13323,54,8.35 GB (estimated maximum),32-06:01:33,21:16:00,1000,20,5,2,3,5,3,65,Adam,638,,,True,True,0.001,1000,0.052076642815386265,0.05442512818064311,0.06232595040474596,0.05493896160732768
13244,13422,54,8.27 GB (estimated maximum),32-04:48:43,20:42:34,1000,20,5,2,3,5,3,65,Adam,1580,,,True,True,0.001,1000,0.03811646552964593,0.05579936733450369,0.051002432443466306,0.042881441656977666
13244,13424,54,8.34 GB (estimated maximum),32-03:47:00,21:27:47,1000,20,5,2,3,5,3,65,Adam,997,,,True,True,0.001,1000,0.044032918863354795,0.05735382343964558,0.04072041304571454,0.04943241282080374
13244,13425,54,8.06 GB (estimated maximum),32-04:52:40,21:02:04,1000,20,5,2,3,5,3,65,Adam,529,,,True,True,0.001,1000,0.05011607352035774,0.05264984006818017,0.04689747271444049,0.052549177251837935
13244,13426,54,8.43 GB (estimated maximum),32-01:51:29,20:37:20,1000,20,5,2,3,5,3,65,Adam,683,,,True,True,0.001,1000,0.051580112776594605,0.05464471021300157,0.0632273667009604,0.05705978579459406
